{
	"always_show_minimap_viewport": true,
	"auto_complete": true,
	"auto_complete_commit_on_tab": true,
	"bold_folder_labels": true,
	"caret_extra_bottom": 1,
	"caret_extra_top": 1,
	"caret_extra_width": 1,
	"caret_style": "blink",
	"color_scheme": "Packages/Boxy Theme/schemes/Boxy Monokai.tmTheme",
	"draw_minimap_border": true,
	"fade_fold_buttons": false,
	"font_face": "나눔고딕코딩",
	"font_options":
	[
		"no_italic"
	],
	"font_size": 13,
	"highlight_modified_tabs": true,
	"ignored_packages":
	[
		"Vintage"
	],
	"indent_guide_options":
	[
		"draw_normal",
		"draw_active"
	],
	"line_padding_bottom": 2,
	"line_padding_top": 2,
	"overlay_scroll_bars": "enabled",
	"save_on_focus_lost": true,
	"show_encoding": true,
	"show_line_endings": true,
	"tab_size": 2,
	"theme": "Boxy Monokai.sublime-theme",
	"theme_accent_tangerine": true,
	"theme_autocomplete_item_selected_colored": true,
	"theme_bar_margin_top_sm": true,
	"theme_dropdown_atomized": true,
	"theme_find_panel_close_hidden": true,
	"theme_icon_button_highlighted": true,
	"theme_panel_switcher_atomized": true,
	"theme_quick_panel_item_selected_colored": true,
	"theme_quick_panel_size_md": true,
	"theme_scrollbar_colored": true,
	"theme_scrollbar_line": true,
	"theme_sidebar_close_always_visible": true,
	"theme_sidebar_folder_atomized": true,
	"theme_statusbar_size_md": true,
	"theme_tab_close_always_visible": true,
	"theme_tab_selected_overlined": true,
	"theme_tab_size_md": true,
	"update_check": false,
	"word_wrap": false
}
