{
	"always_show_minimap_viewport": true,
	"auto_complete": true,
	"auto_complete_commit_on_tab": true,
	"bold_folder_labels": true,
	"color_scheme": "Packages/Material Theme/schemes/Material-Theme.tmTheme",
	"draw_minimap_border": true,
	"fade_fold_buttons": false,
	"font_face": "나눔고딕코딩",
	"font_options":
	[
		"no_italic"
	],
	"font_size": 13,
	"highlight_modified_tabs": true,
	"ignored_packages":
	[
		"Vintage"
	],
	"indent_guide_options":
	[
		"draw_normal",
		"draw_active"
	],
	"line_padding_bottom": 2,
	"line_padding_top": 2,
	"material_theme_compact_sidebar": true,
	"material_theme_contrast_mode": true,
	"material_theme_panel_separator": true,
	"material_theme_small_statusbar": true,
	"material_theme_small_tab": true,
	"material_theme_tabs_autowidth": true,
	"material_theme_tree_headings": true,
	"overlay_scroll_bars": "enabled",
	"save_on_focus_lost": true,
	"tab_size": 3,
	"theme": "Material-Theme.sublime-theme",
	"update_check": false,
	"word_wrap": false
}
