{
    "always_show_minimap_viewport": true, // 미니맵에서 현재 위치 시각화하기
    "draw_minimap_border": true, // 미니맵 현재 위치 시각화에 테두리 표기하기
    "bold_folder_labels": true, // 폴더 굵게 표시
    "auto_complete": false, // 자동완성기능
    "match_brackets_angle": true, // 꺽쇠 괄호 강조
    "trim_trailing_white_space_on_save": true, // 저장 후 자동 공백 제거
    "open_files_in_new_window": true, // 새 파일 새창 띄우기
    "save_on_focus_lost": true, // 포커스를 잃으면 자동 저장
    "folder_exclude_patterns":  // 사이드바에서 제외할 파일/폴더
        [
            ".svn",
            ".git",
            ".hg",
            "CVS",
            "_gsdata_",
            ".sass-cache"
        ],
    "font_face": "맑은 고딕", // 폰트 지정
    "font_size": 12, // 폰트 크기
    "highlight_line": true,  // 현재 커서 라인 하이라이트
    "highlight_modified_tabs": true, // 수정된 파일 탭 하이라이트
    "ignored_packages": // 제외할 패키지 목록
        [
            "Markdown",
            "Vintage"
        ],
    "line_padding_bottom": 2, // 라인 하단 여백
    "line_padding_top": 2, // 라인 상단 여백
    "match_brackets_angle": true,
    "show_encoding": true,  // 하단 상태 표시줄에 Encoding 표시
    "show_line_endings": true, // 하단 상태 표시줄에 Line Ending 표시
    "tab_size": 4, // 탭 사이즈
    "translate_tabs_to_spaces": true, // 탭키 공백을 스페이스로 사용
    "theme": "Flatland Dark.sublime-theme", // 테마 선택
    "trim_trailing_white_space_on_save": true // 저장 시 라인 맨 끝 공백 삭제
}